Investment,Group
24.8,Young
35.5,Young
68.7,Young
42.2,Young
49.5,Young
64.6,Young
58.3,Young
72,Young
25.6,Young
39.8,Young
39.3,Young
55.6,Young
0,Young
56.5,Young
37.3,Young
50.3,Young
38,Young
42.7,Young
48.4,Young
18.3,Young
50.1,Young
77.2,Young
42.7,Young
0,Young
0,Young
46.3,Young
26.8,Young
15.3,Young
36.6,Young
35.5,Young
70,Young
35.8,Young
0,Young
45,Young
66.9,Young
52.1,Young
64.6,Young
37.1,Young
29.7,Young
53.7,Young
39.5,Young
81.9,Young
27.7,Young
48.9,Young
51.9,Young
44.6,Young
67,Young
48.8,Young
38.1,Young
0,Young
69.2,Young
33.5,Young
49.6,Young
32.3,Young
70.2,Young
50.7,Young
74,Young
50,Young
49.3,Young
60.7,Young
25.1,Young
30.6,Young
0,Young
59,Young
59.7,Young
75.8,Young
50.2,Young
46.4,Young
57.9,Young
46.8,Young
55.5,Young
67.6,Young
42.2,Young
41.8,Young
78.5,Young
37.2,Young
0,Young
33.2,Young
50.4,Young
37.4,Young
36,Young
44.6,Young
52,Young
61,Young
28.9,Early_Middle
7.3,Early_Middle
61.8,Early_Middle
53.6,Early_Middle
0,Early_Middle
49.4,Early_Middle
71.4,Early_Middle
53.7,Early_Middle
46.9,Early_Middle
91.6,Early_Middle
46,Early_Middle
41.8,Early_Middle
53.2,Early_Middle
0,Early_Middle
43.7,Early_Middle
78.1,Early_Middle
54.7,Early_Middle
45.7,Early_Middle
63.1,Early_Middle
50.4,Early_Middle
38.6,Early_Middle
59.8,Early_Middle
67.8,Early_Middle
48.4,Early_Middle
0,Early_Middle
60.6,Early_Middle
66.4,Early_Middle
52.2,Early_Middle
56.1,Early_Middle
45,Early_Middle
80.7,Early_Middle
37.4,Early_Middle
94.9,Early_Middle
58.1,Early_Middle
51.8,Early_Middle
43.5,Early_Middle
50.9,Early_Middle
39.8,Early_Middle
41.6,Early_Middle
68,Early_Middle
58.7,Early_Middle
84.8,Early_Middle
50.1,Early_Middle
55.4,Early_Middle
47.3,Early_Middle
87.2,Early_Middle
0,Early_Middle
50.6,Early_Middle
44.2,Early_Middle
54.8,Early_Middle
76.4,Early_Middle
7.3,Early_Middle
32.7,Early_Middle
65.4,Early_Middle
66,Early_Middle
55.9,Early_Middle
84,Early_Middle
87.1,Early_Middle
83.1,Early_Middle
70.6,Early_Middle
91.2,Early_Middle
34.3,Early_Middle
73.1,Early_Middle
73.2,Early_Middle
32.5,Early_Middle
50.7,Early_Middle
65.4,Early_Middle
60.8,Early_Middle
65.5,Early_Middle
48.4,Early_Middle
0,Early_Middle
48.5,Early_Middle
68.3,Early_Middle
50.8,Early_Middle
55.8,Early_Middle
75.8,Early_Middle
0,Early_Middle
59.6,Early_Middle
57.3,Early_Middle
47.4,Early_Middle
58.2,Early_Middle
55,Early_Middle
61.6,Early_Middle
80.2,Early_Middle
85.1,Early_Middle
68.3,Early_Middle
35.1,Early_Middle
38.2,Early_Middle
62,Early_Middle
69.4,Early_Middle
57.8,Early_Middle
0,Early_Middle
57.7,Early_Middle
67.2,Early_Middle
38.7,Early_Middle
17.2,Early_Middle
71.4,Early_Middle
49.3,Early_Middle
43.8,Early_Middle
50.8,Early_Middle
59.6,Early_Middle
48.2,Early_Middle
80.1,Early_Middle
44.5,Early_Middle
57.9,Early_Middle
55.2,Early_Middle
53.8,Early_Middle
60.3,Early_Middle
64.7,Early_Middle
44.9,Early_Middle
66,Early_Middle
67.9,Early_Middle
30.4,Early_Middle
0,Early_Middle
52.5,Early_Middle
56.2,Early_Middle
20.6,Early_Middle
70.2,Early_Middle
9.5,Early_Middle
37.3,Early_Middle
71.1,Early_Middle
45,Early_Middle
73.2,Early_Middle
47.1,Early_Middle
6.7,Early_Middle
56.5,Early_Middle
41.2,Early_Middle
63.5,Early_Middle
71.1,Early_Middle
45.6,Early_Middle
84,Early_Middle
81.5,Late_Middle
0,Late_Middle
61.3,Late_Middle
0,Late_Middle
45.4,Late_Middle
42.3,Late_Middle
75.3,Late_Middle
54.7,Late_Middle
0,Late_Middle
20.5,Late_Middle
76.4,Late_Middle
38,Late_Middle
39.8,Late_Middle
78.4,Late_Middle
0,Late_Middle
76.7,Late_Middle
72.7,Late_Middle
0,Late_Middle
33,Late_Middle
11,Late_Middle
0,Late_Middle
60.3,Late_Middle
89.3,Late_Middle
56,Late_Middle
47.9,Late_Middle
36,Late_Middle
60,Late_Middle
47.8,Late_Middle
67.2,Late_Middle
61.8,Late_Middle
61.4,Late_Middle
68.7,Late_Middle
30.8,Late_Middle
84.9,Late_Middle
77.4,Late_Middle
34.6,Late_Middle
40.5,Late_Middle
46.5,Late_Middle
32.4,Late_Middle
57,Late_Middle
41.2,Late_Middle
55.3,Late_Middle
68.9,Late_Middle
70.2,Late_Middle
36.2,Late_Middle
68.2,Late_Middle
44.5,Late_Middle
54.8,Late_Middle
62.5,Late_Middle
69.7,Late_Middle
57.5,Late_Middle
64.7,Late_Middle
58,Late_Middle
34,Late_Middle
63.7,Late_Middle
62.5,Late_Middle
67,Late_Middle
50.4,Late_Middle
44.1,Late_Middle
52,Late_Middle
52.9,Late_Middle
75.5,Late_Middle
78.9,Late_Middle
52.5,Late_Middle
79.8,Late_Middle
59.4,Late_Middle
58.3,Late_Middle
70.4,Late_Middle
57.5,Late_Middle
29.7,Late_Middle
44.4,Late_Middle
63.9,Late_Middle
67.4,Late_Middle
58.5,Late_Middle
92.4,Late_Middle
31.6,Late_Middle
22.6,Late_Middle
0,Late_Middle
33.2,Late_Middle
65.5,Late_Middle
63.2,Late_Middle
50.6,Late_Middle
60,Late_Middle
47,Late_Middle
31.1,Late_Middle
54,Late_Middle
41.6,Late_Middle
59.5,Late_Middle
55.2,Late_Middle
42.3,Late_Middle
61.8,Late_Middle
71.6,Late_Middle
31.1,Late_Middle
66.8,Senior
77.4,Senior
32.9,Senior
74,Senior
0,Senior
35.2,Senior
21.4,Senior
0,Senior
61.4,Senior
61.8,Senior
35.6,Senior
53,Senior
38.5,Senior
53.7,Senior
69.1,Senior
55.5,Senior
31.6,Senior
0,Senior
57.3,Senior
42.7,Senior
37.9,Senior
60.9,Senior
72.3,Senior
45.8,Senior
69,Senior
41.6,Senior
2.3,Senior
49.7,Senior
43.3,Senior
68.8,Senior
100,Senior
46.3,Senior
45.7,Senior
17.5,Senior
62.2,Senior
69.4,Senior
48.6,Senior
53.4,Senior
34.8,Senior
72.3,Senior
72.6,Senior
47.1,Senior
62.3,Senior
50.8,Senior
51.1,Senior
67.3,Senior
42.5,Senior
55.3,Senior
60.8,Senior
71.3,Senior
56.8,Senior
52.7,Senior
51.2,Senior
88.5,Senior
81.2,Senior
72.4,Senior
47.6,Senior
65.7,Senior
