noofjobs,gender,education,grp
10,M,E1,Male_E1
9,M,E1,Male_E1
12,M,E1,Male_E1
16,M,E1,Male_E1
14,M,E1,Male_E1
17,M,E1,Male_E1
13,M,E1,Male_E1
9,M,E1,Male_E1
11,M,E1,Male_E1
15,M,E1,Male_E1
12,M,E2,Male_E2
11,M,E2,Male_E2
9,M,E2,Male_E2
14,M,E2,Male_E2
12,M,E2,Male_E2
16,M,E2,Male_E2
10,M,E2,Male_E2
10,M,E2,Male_E2
5,M,E2,Male_E2
11,M,E2,Male_E2
15,M,E3,Male_E3
8,M,E3,Male_E3
7,M,E3,Male_E3
7,M,E3,Male_E3
7,M,E3,Male_E3
9,M,E3,Male_E3
14,M,E3,Male_E3
15,M,E3,Male_E3
11,M,E3,Male_E3
13,M,E3,Male_E3
8,M,E4,Male_E4
9,M,E4,Male_E4
5,M,E4,Male_E4
11,M,E4,Male_E4
13,M,E4,Male_E4
8,M,E4,Male_E4
7,M,E4,Male_E4
11,M,E4,Male_E4
10,M,E4,Male_E4
8,M,E4,Male_E4
7,F,E1,Female_E1
13,F,E1,Female_E1
14,F,E1,Female_E1
6,F,E1,Female_E1
11,F,E1,Female_E1
14,F,E1,Female_E1
13,F,E1,Female_E1
11,F,E1,Female_E1
14,F,E1,Female_E1
12,F,E1,Female_E1
7,F,E2,Female_E2
12,F,E2,Female_E2
6,F,E2,Female_E2
15,F,E2,Female_E2
10,F,E2,Female_E2
13,F,E2,Female_E2
9,F,E2,Female_E2
15,F,E2,Female_E2
12,F,E2,Female_E2
13,F,E2,Female_E2
5,F,E3,Female_E3
13,F,E3,Female_E3
12,F,E3,Female_E3
3,F,E3,Female_E3
13,F,E3,Female_E3
11,F,E3,Female_E3
15,F,E3,Female_E3
5,F,E3,Female_E3
9,F,E3,Female_E3
8,F,E3,Female_E3
7,F,E4,Female_E4
9,F,E4,Female_E4
3,F,E4,Female_E4
7,F,E4,Female_E4
9,F,E4,Female_E4
6,F,E4,Female_E4
10,F,E4,Female_E4
15,F,E4,Female_E4
4,F,E4,Female_E4
11,F,E4,Female_E4
